[
  {
    "model": "payments.paymentmethod",
    "pk": 1,
    "fields": {
      "name": "Tarjeta de Crédito/Débito",
      "code": "stripe",
      "is_active": true,
      "is_online": true,
      "icon": "credit-card",
      "description": "Pago seguro con tarjeta de crédito o débito",
      "sort_order": 1,
      "created_at": "2025-10-26T21:00:00Z",
      "updated_at": "2025-10-26T21:00:00Z"
    }
  },
  {
    "model": "payments.paymentmethod",
    "pk": 2,
    "fields": {
      "name": "Efectivo",
      "code": "cash",
      "is_active": true,
      "is_online": false,
      "icon": "money-bill",
      "description": "Pago en efectivo al recibir el producto",
      "sort_order": 2,
      "created_at": "2025-10-26T21:00:00Z",
      "updated_at": "2025-10-26T21:00:00Z"
    }
  },
  {
    "model": "payments.paymentmethod",
    "pk": 3,
    "fields": {
      "name": "Transferencia Bancaria",
      "code": "transfer",
      "is_active": true,
      "is_online": false,
      "icon": "university",
      "description": "Transferencia bancaria directa",
      "sort_order": 3,
      "created_at": "2025-10-26T21:00:00Z",
      "updated_at": "2025-10-26T21:00:00Z"
    }
  }
]
